账户,日期,时间,Symbol,操作,数量,成交价,佣金税费,操作前持仓,操作前成本,操作后持仓,操作后成本,备注
U11181997,20230719,20230719;093002,NVDA,买入,30.0,474.73,1.0,0.0,0.0,30.0,474.7633,
U11181997,20230804,20230804,NVDA,转入,30.0,445.15,0.0,30.0,474.7633,60.0,459.9567,Transfer FOP
U11181997,20240410,20240410;140003,NVO,买入,40.0,125.06,1.0,0.0,0.0,40.0,125.085,
U11181997,20240410,20240410;140004,NVO,买入,7.0,125.06,0.0,40.0,125.085,47.0,125.0813,
U11181997,20240410,20240410;140004,NVO,买入,0.3373,125.04,0.0,47.0,125.0813,47.3373,125.081,
U11181997,20240910,20240910;143549,NVO,卖出,47.0,129.812,1.99,47.3373,125.081,0.3373,125.081,
U11181997,20240910,20240910;143549,NVO,卖出,0.3373,129.8,0.0,0.3373,125.081,0.0,0.0,
U11181997,20260129,20260129;095233,MSFT,买入,50.0,430.0,1.0,0.0,0.0,50.0,430.02,
U12672188,20240603,20240603;132452,NIO,买入,700.0,5.245,2.59,0.0,0.0,700.0,5.2487,
U12672188,20240603,20240603;132452,NIO,买入,500.0,5.245,1.85,700.0,5.2487,1200.0,5.2487,
U12672188,20240603,20240603;132452,NIO,买入,100.0,5.245,0.37,1200.0,5.2487,1300.0,5.2487,
U12672188,20250121,20250121;125756,QQQ,买入,20.0,525.17,0.36,0.0,0.0,20.0,525.1878,
U12672188,20250219,20250219;093000,SGOV,买入,2.0,100.53,0.01,0.0,0.0,2.0,100.5343,
U12672188,20250219,20250219;093000,SGOV,买入,30.0,100.53,0.03,2.0,100.5343,32.0,100.5311,
U12672188,20250219,20250219;093000,SGOV,买入,80.0,100.53,0.11,32.0,100.5311,112.0,100.5313,
U12672188,20250219,20250219;093000,SGOV,买入,97.0,100.53,0.42,112.0,100.5313,209.0,100.5327,
U12672188,20250219,20250219;093000,SGOV,买入,33.0,100.53,0.14,209.0,100.5327,242.0,100.5329,
U12672188,20250219,20250219;093000,SGOV,买入,26.0,100.53,0.11,242.0,100.5329,268.0,100.5331,
U12672188,20250220,20250220;101715,QQQ,买入,20.0,535.0,0.31,20.0,525.1878,40.0,530.1017,
U12672188,20250303,20250303;052019,QQQ,买入,10.0,509.91,0.38,40.0,530.1017,50.0,526.071,
U12672188,20250303,20250303;150010,QQQ,买入,8.0,500.0,0.34,50.0,526.071,58.0,522.4808,
U12672188,20250303,20250303;150010,QQQ,买入,2.0,500.0,0.0,58.0,522.4808,60.0,521.7315,
U12672188,20250304,20250304;094704,QQQ,买入,20.0,494.55,0.36,60.0,521.7315,80.0,514.9406,
U12672188,20250304,20250304;102317,JEPQ,买入,100.0,53.47,0.37,0.0,0.0,100.0,53.4737,
U12672188,20250304,20250304;133552,MSFT,买入,25.0,386.01,0.36,0.0,0.0,25.0,386.0243,
U12672188,20250307,20250307;093001,QQQ,买入,20.0,487.16,0.38,80.0,514.9406,100.0,509.3883,
U12672188,20250307,20250307;104254,QQQ,买入,100.0,484.58,0.16,100.0,509.3883,200.0,496.985,
U12672188,20250310,20250310;102008,SGOV,买入,182.0,100.44,0.39,268.0,100.5331,450.0,100.4963,
U12672188,20250310,20250310;102008,SGOV,买入,465.0,100.44,1.64,450.0,100.4963,915.0,100.4695,
U12672188,20250310,20250310;102008,SGOV,买入,57.0,100.44,0.2,915.0,100.4695,972.0,100.468,
U12672188,20250310,20250310;102008,SGOV,买入,1000.0,100.44,3.54,972.0,100.468,1972.0,100.4556,
U12672188,20250310,20250310;102008,SGOV,买入,1278.0,100.44,4.52,1972.0,100.4556,3250.0,100.4508,
U12672188,20250310,20250310;102008,SGOV,买入,18.0,100.44,0.04,3250.0,100.4508,3268.0,100.4508,
U12672188,20250310,20250310;111229,JEPQ,买入,100.0,52.16,0.16,100.0,53.4737,200.0,52.8177,
U12672188,20250311,20250311;144426,NIO,卖出,2000.0,5.26,5.7,1300.0,5.2487,0.0,0.0,
U12672188,20250312,20250312;122619,JEPQ,买入,187.0,52.48,0.31,200.0,52.8177,387.0,52.6553,
U12672188,20250312,20250312;122619,JEPQ,买入,13.0,52.48,0.02,387.0,52.6553,400.0,52.6497,
U12672188,20250312,20250312;130417,SGOV,买入,950.0,100.455,3.56,3268.0,100.4508,4218.0,100.4526,
U12672188,20250313,20250313;162000,QQQ,买入,100.0,492.0,0.0,200.0,496.985,300.0,491.21,Put行权(QQQ   250314P00492000)
U12672188,20250313,20250313;162000,QQQ,买入,100.0,490.0,0.0,300.0,491.21,400.0,488.3225,Put行权(QQQ   250314P00490000)
U12672188,20250313,20250313;164256,SPLG,买入,100.0,65.0,0.37,0.0,0.0,100.0,65.0037,
U12672188,20250324,20250324;101436,SPLG,买入,100.0,67.5888,0.37,100.0,65.0037,200.0,66.2981,
U12672188,20250326,20250326;102535,JEPQ,买入,100.0,53.509,0.37,400.0,52.6497,500.0,52.8223,
U12672188,20250326,20250326;102648,NVDA,买入,100.0,115.12,0.16,0.0,0.0,100.0,115.1216,
U12672188,20250327,20250327;095124,JEPQ,买入,100.0,53.039,0.37,500.0,52.8223,600.0,52.859,
U12672188,20250328,20250328;112918,NVDA,买入,100.0,109.6393,0.37,100.0,115.1216,200.0,112.3823,
U12672188,20250331,20250331;100503,SGOV,买入,1000.0,100.68,3.54,4218.0,100.4526,5218.0,100.4968,
U12672188,20250401,20250401;111430,SPLG,买入,0.5928,66.0,0.04,200.0,66.2981,200.5928,66.2975,
U12672188,20250404,20250404;093305,JEPQ,买入,1.8216,48.07,0.09,600.0,52.859,601.8216,52.8447,
U12672188,20250404,20250404;093305,JEPQ,买入,4.2522,48.07,0.21,601.8216,52.8447,606.0738,52.8115,
U12672188,20250404,20250404;102815,NVDA,买入,100.0,95.0,0.16,200.0,112.3823,300.0,106.5888,
U12672188,20250407,20250407;093215,SGOV,买入,16.1882,100.42,0.35,5218.0,100.4968,5234.1882,100.4967,
U12672188,20250407,20250407;115745,XPEV,买入,300.0,17.5,0.76,0.0,0.0,300.0,17.5025,
U12672188,20250407,20250407;115745,XPEV,买入,3719.0,17.5,9.44,300.0,17.5025,4019.0,17.5025,
U12672188,20250407,20250407;115745,XPEV,买入,981.0,17.5,2.49,4019.0,17.5025,5000.0,17.5025,
U12672188,20250407,20250407;121808,XPEV,买入,159.0,17.0,0.4,5000.0,17.5025,5159.0,17.4871,
U12672188,20250407,20250407;121808,XPEV,买入,100.0,17.0,0.25,5159.0,17.4871,5259.0,17.4779,
U12672188,20250407,20250407;121808,XPEV,买入,200.0,17.0,0.51,5259.0,17.4779,5459.0,17.4605,
U12672188,20250407,20250407;121808,XPEV,买入,332.0,17.0,0.84,5459.0,17.4605,5791.0,17.4342,
U12672188,20250407,20250407;121808,XPEV,买入,39.0,17.0,0.1,5791.0,17.4342,5830.0,17.4314,
U12672188,20250407,20250407;121816,XPEV,买入,11.0,17.0,0.03,5830.0,17.4314,5841.0,17.4305,
U12672188,20250407,20250407;121816,XPEV,买入,28.0,17.0,0.07,5841.0,17.4305,5869.0,17.4285,
U12672188,20250407,20250407;121816,XPEV,买入,14.0,17.0,0.04,5869.0,17.4285,5883.0,17.4275,
U12672188,20250407,20250407;121816,XPEV,买入,59.0,17.0,0.15,5883.0,17.4275,5942.0,17.4233,
U12672188,20250407,20250407;121816,XPEV,买入,7.0,17.0,0.02,5942.0,17.4233,5949.0,17.4228,
U12672188,20250407,20250407;121816,XPEV,买入,4051.0,17.0,27.29,5949.0,17.4228,10000.0,17.2542,
U12672188,20250407,20250407;123351,XPEV,买入,100.0,17.17,0.67,10000.0,17.2542,10100.0,17.2535,
U12672188,20250407,20250407;123352,XPEV,买入,4600.0,17.178,17.24,10100.0,17.2535,14700.0,17.231,
U12672188,20250407,20250407;123352,XPEV,买入,200.0,17.175,0.75,14700.0,17.231,14900.0,17.2303,
U12672188,20250407,20250407;123352,XPEV,买入,100.0,17.175,0.37,14900.0,17.2303,15000.0,17.23,
U12672188,20250407,20250407;134319,XPEV,买入,100.0,17.65,0.25,15000.0,17.23,15100.0,17.2328,
U12672188,20250407,20250407;134319,XPEV,买入,1278.0,17.65,3.24,15100.0,17.2328,16378.0,17.2655,
U12672188,20250407,20250407;134319,XPEV,买入,836.0,17.65,2.12,16378.0,17.2655,17214.0,17.2843,
U12672188,20250407,20250407;134319,XPEV,买入,30.0,17.65,0.08,17214.0,17.2843,17244.0,17.285,
U12672188,20250407,20250407;134319,XPEV,买入,506.0,17.65,1.28,17244.0,17.285,17750.0,17.2954,
U12672188,20250407,20250407;134320,XPEV,买入,2250.0,17.65,5.71,17750.0,17.2954,20000.0,17.3356,
U12672188,20250407,20250407;151956,SGOV,卖出,436.0,100.413,2.92,5234.1882,100.4967,4798.1882,100.4967,
U12672188,20250407,20250407;151956,SGOV,卖出,300.0,100.4101,2.01,4798.1882,100.4967,4498.1882,100.4967,
U12672188,20250407,20250407;151956,SGOV,卖出,4000.0,100.412,26.82,4498.1882,100.4967,498.1882,100.4967,
U12672188,20250407,20250407;151956,SGOV,卖出,500.0,100.4118,3.35,498.1882,100.4967,0.0,0.0,
U12672188,20250407,20250407;151956,SGOV,卖出,0.1882,100.41,0.0,0.0,0.0,0.0,0.0,
U12672188,20250407,20250407;154952,XIACY,买入,500.0,23.34,1.85,0.0,0.0,500.0,23.3437,
U12672188,20250408,20250408;154805,XPEV,卖出,600.0,16.205,2.62,20000.0,17.3356,19400.0,17.3356,
U12672188,20250408,20250408;154805,XPEV,卖出,2.0,16.205,0.01,19400.0,17.3356,19398.0,17.3356,
U12672188,20250409,20250409;163553,SGOV,买入,1900.0,100.44,7.12,0.0,0.0,1900.0,100.4437,
U12672188,20250410,20250410;090548,SGOV,买入,100.0,100.45,0.37,1900.0,100.4437,2000.0,100.4442,
U12672188,20250410,20250410;090548,SGOV,买入,140.0,100.45,0.52,2000.0,100.4442,2140.0,100.4449,
U12672188,20250410,20250410;091455,SGOV,买入,220.0,100.45,0.47,2140.0,100.4449,2360.0,100.4455,
U12672188,20250410,20250410;154223,XPEV,买入,103.0,18.0,0.26,19398.0,17.3356,19501.0,17.3391,
U12672188,20250410,20250410;154223,XPEV,买入,55.0,18.0,0.14,19501.0,17.3391,19556.0,17.341,
U12672188,20250410,20250410;154223,XPEV,买入,290.0,18.0,0.74,19556.0,17.341,19846.0,17.3507,
U12672188,20250410,20250410;154223,XPEV,买入,39.0,18.0,0.1,19846.0,17.3507,19885.0,17.352,
U12672188,20250410,20250410;154224,XPEV,买入,1776.0,18.0,4.51,19885.0,17.352,21661.0,17.4053,
U12672188,20250410,20250410;154224,XPEV,买入,250.0,18.0,0.63,21661.0,17.4053,21911.0,17.4121,
U12672188,20250410,20250410;154224,XPEV,买入,1666.0,18.0,4.23,21911.0,17.4121,23577.0,17.4538,
U12672188,20250410,20250410;154224,XPEV,买入,1.0,18.0,0.0,23577.0,17.4538,23578.0,17.4539,
U12672188,20250410,20250410;154224,XPEV,买入,253.0,18.0,0.64,23578.0,17.4539,23831.0,17.4597,
U12672188,20250410,20250410;154224,XPEV,买入,567.0,18.0,1.44,23831.0,17.4597,24398.0,17.4723,
U12672188,20250424,20250424;123311,JEPQ,买入,6.0,50.45,0.34,606.0738,52.8115,612.0738,52.7889,
U12672188,20250424,20250424;123311,JEPQ,买入,11.0,50.45,0.02,612.0738,52.7889,623.0738,52.7477,
U12672188,20250424,20250424;123311,JEPQ,买入,344.0,50.45,0.27,623.0738,52.7477,967.0738,51.9306,
U12672188,20250424,20250424;123311,JEPQ,买入,17.0,50.45,0.03,967.0738,51.9306,984.0738,51.9051,
U12672188,20250424,20250424;123311,JEPQ,买入,22.0,50.45,0.04,984.0738,51.9051,1006.0738,51.8733,
U12672188,20250424,20250424;123741,VOO,买入,20.0,501.15,0.32,0.0,0.0,20.0,501.1661,
U12672188,20250501,20250501;093217,QQQ,买入,0.5339,482.58,0.26,400.0,488.3225,400.5339,488.3155,
U12672188,20250506,20250506;093203,JEPQ,买入,10.5711,51.21,0.35,1006.0738,51.8733,1016.6449,51.8668,
U12672188,20250507,20250507;093000,SGOV,买入,7.0845,100.43,0.35,2360.0,100.4455,2367.0845,100.4456,
U12672188,20250516,20250516;183444,NVDA,买入,700.0,133.0,0.38,300.0,106.5888,1000.0,125.077,
U12672188,20250523,20250523;072638,AAPL,买入,100.0,195.0,0.37,0.0,0.0,100.0,195.0037,
U12672188,20250527,20250527;020617,XPEV,买入,39.0,19.3,0.44,24398.0,17.4723,24437.0,17.4752,
U12672188,20250527,20250527;020617,XPEV,买入,10.0,19.3,0.02,24437.0,17.4752,24447.0,17.476,
U12672188,20250527,20250527;020617,XPEV,买入,101.0,19.29,0.4,24447.0,17.476,24548.0,17.4835,
U12672188,20250527,20250527;020617,XPEV,买入,252.0,19.29,1.45,24548.0,17.4835,24800.0,17.5019,
U12672188,20250527,20250527;020617,XPEV,买入,200.0,19.3,1.15,24800.0,17.5019,25000.0,17.5163,
U12672188,20250528,20250527;202053,SGOV,卖出,200.0,100.66,1.18,2367.0845,100.4456,2167.0845,100.4456,
U12672188,20250528,20250528;191146,NVDA,卖出,100.0,141.15,0.39,1000.0,125.077,900.0,125.077,
U12672188,20250528,20250528;191146,NVDA,卖出,100.0,141.14,0.69,900.0,125.077,800.0,125.077,
U12672188,20250528,20250528;191146,NVDA,卖出,700.0,141.09,2.74,800.0,125.077,100.0,125.077,
U12672188,20250529,20250529;073256,JEPQ,买入,100.0,53.0,0.05,1016.6449,51.8668,1116.6449,51.9683,
U12672188,20250602,20250602;111046,JEPQ,买入,100.0,51.995,0.37,1116.6449,51.9683,1216.6449,51.9708,
U12672188,20250602,20250602;112902,SGOV,买入,1450.0,100.375,5.44,2167.0845,100.4456,3617.0845,100.4188,
U12672188,20250603,20250603;130246,SGOV,买入,220.0,100.385,0.82,3617.0845,100.4188,3837.0845,100.4171,
U12672188,20250605,20250605;093210,JEPQ,买入,11.8621,52.59,0.35,1216.6449,51.9708,1228.507,51.9771,
U12672188,20250605,20250605;162000,AAPL,买入,1000.0,225.0,0.0,100.0,195.0037,1100.0,203.0682,Put行权(AAPL  250620P00225000)
U12672188,20250606,20250606;093310,SGOV,买入,6.9506,100.45,0.35,3837.0845,100.4171,3844.0351,100.4173,
U12672188,20250606,20250606;103836,SGOV,卖出,1700.0,100.442,6.65,3844.0351,100.4173,2144.0351,100.4173,
U12672188,20250612,20250612;102725,SGOV,买入,65.0,100.49,0.37,2144.0351,100.4173,2209.0351,100.4196,
U12672188,20250612,20250612;102725,SGOV,买入,200.0,100.49,0.3,2209.0351,100.4196,2409.0351,100.4255,
U12672188,20250612,20250612;102725,SGOV,买入,40.0,100.49,0.09,2409.0351,100.4255,2449.0351,100.4266,
U12672188,20250612,20250612;102725,SGOV,买入,100.0,100.49,0.37,2449.0351,100.4266,2549.0351,100.4293,
U12672188,20250612,20250612;102725,SGOV,买入,410.0,100.49,0.88,2549.0351,100.4293,2959.0351,100.438,
U12672188,20250612,20250612;102725,SGOV,买入,35.0,100.49,0.13,2959.0351,100.438,2994.0351,100.4386,
U12672188,20250613,20250613;142931,MSFT,卖出,20.0,474.08,0.42,25.0,386.0243,5.0,386.0243,
U12672188,20250613,20250613;142931,MSFT,卖出,5.0,474.08,0.0,5.0,386.0243,0.0,0.0,
U12672188,20250613,20250613;151533,JEPI,买入,142.0,56.045,0.53,0.0,0.0,142.0,56.0487,
U12672188,20250613,20250613;151533,JEPI,买入,58.0,56.048,0.22,142.0,56.0487,200.0,56.0496,
U12672188,20250616,20250616;093143,MSFT,买入,0.039,477.92,0.02,0.0,0.0,0.039,478.3985,
U12672188,20250618,20250618;142645,SGOV,卖出,100.0,100.565,0.39,2994.0351,100.4386,2894.0351,100.4386,
U12672188,20250625,20250625;094510,NVO,买入,100.0,68.49,0.25,0.0,0.0,100.0,68.4925,
U12672188,20250625,20250625;094626,MSFT,卖出,0.039,492.92,0.19,0.039,478.3985,0.0,0.0,
U12672188,20250626,20250626;144102,XPEV,买入,1000.0,18.0,2.54,25000.0,17.5163,26000.0,17.535,
U12672188,20250701,20250701;093201,SPLG,买入,0.5315,72.56,0.04,200.5928,66.2975,201.1243,66.3142,
U12672188,20250703,20250703;093140,VOO,买入,0.0548,572.79,0.03,20.0,501.1661,20.0548,501.3634,
U12672188,20250707,20250707;093103,JEPQ,买入,10.1011,54.09,0.35,1228.507,51.9771,1238.6081,51.9946,
U12672188,20250707,20250707;093403,JEPI,买入,1.2653,56.84,0.07,200.0,56.0496,201.2653,56.0549,
U12672188,20250708,20250708;093000,SGOV,买入,9.0019,100.45,0.35,2894.0351,100.4386,2903.037,100.4388,
U12672188,20250716,20250716;140844,QQQ,买入,10.0,556.34,0.34,400.5339,488.3155,410.5339,489.9733,
U12672188,20250716,20250716;141025,SGOV,卖出,20.0,100.54,0.33,2903.037,100.4388,2883.037,100.4388,
U12672188,20250716,20250716;141735,VOO,买入,10.0,572.86,0.34,20.0548,501.3634,30.0548,525.1634,
U12672188,20250716,20250716;141843,JEPQ,买入,100.0,54.475,0.37,1238.6081,51.9946,1338.6081,52.1802,
U12672188,20250716,20250716;141948,SGOV,卖出,110.0,100.54,0.41,2883.037,100.4388,2773.037,100.4388,
U12672188,20250716,20250716;142033,SGOV,卖出,10.0,100.54,0.34,2773.037,100.4388,2763.037,100.4388,
U12672188,20250718,20250718;101531,XPEV,买入,17.0,18.5,0.33,26000.0,17.535,26017.0,17.5356,
U12672188,20250718,20250718;101531,XPEV,买入,983.0,18.5,2.19,26017.0,17.5356,27000.0,17.5708,
U12672188,20250723,20250723;040911,BOXX,买入,110.0,112.95,0.74,0.0,0.0,110.0,112.9567,
U12672188,20250723,20250723;040911,BOXX,买入,1000.0,112.95,6.67,110.0,112.9567,1110.0,112.9567,
U12672188,20250723,20250723;040911,BOXX,买入,500.0,112.95,3.34,1110.0,112.9567,1610.0,112.9567,
U12672188,20250723,20250723;040911,BOXX,买入,190.0,112.95,1.28,1610.0,112.9567,1800.0,112.9567,
U12672188,20250724,20250724;041432,BOXX,买入,10.0,112.94,0.34,1800.0,112.9567,1810.0,112.9568,
U12672188,20250724,20250724;041745,BOXX,买入,1.0,112.94,0.0,1810.0,112.9568,1811.0,112.9568,
U12672188,20250724,20250724;043801,BOXX,买入,1.0,112.94,0.0,1811.0,112.9568,1812.0,112.9568,
U12672188,20250724,20250724;055709,BOXX,买入,16.0,112.94,0.02,1812.0,112.9568,1828.0,112.9566,
U12672188,20250724,20250724;061625,BOXX,买入,18.0,112.94,0.02,1828.0,112.9566,1846.0,112.9565,
U12672188,20250724,20250724;062658,BOXX,买入,4.0,112.94,0.01,1846.0,112.9565,1850.0,112.9564,
U12672188,20250724,20250724;115658,XPEV,买入,600.0,19.17,2.24,27000.0,17.5708,27600.0,17.6057,
U12672188,20250724,20250724;115658,XPEV,买入,400.0,19.168,1.49,27600.0,17.6057,28000.0,17.6281,
U12672188,20250724,20250724;121150,AMD,买入,400.0,162.5,0.97,0.0,0.0,400.0,162.5024,
U12672188,20250724,20250724;133307,NVO,买入,237.0,70.715,0.88,100.0,68.4925,337.0,70.0581,
U12672188,20250724,20250724;144553,SPY,买入,40.0,635.0,0.3,0.0,0.0,40.0,635.0074,
U12672188,20250725,20250725;121247,IBKR,买入,1.0,65.56,0.35,0.0,0.0,1.0,65.9135,
U12672188,20250725,20250725;121247,IBKR,买入,99.0,65.56,0.32,1.0,65.9135,100.0,65.5667,
U12672188,20250725,20250725;144010,AMD,卖出,400.0,167.0,1.04,400.0,162.5024,0.0,0.0,
U12672188,20250730,20250730;092517,XPEV,买入,333.0,18.0,0.64,28000.0,17.6281,28333.0,17.6325,
U12672188,20250730,20250730;092517,XPEV,买入,667.0,18.0,1.28,28333.0,17.6325,29000.0,17.6409,
U12672188,20250730,20250730;101608,XIACY,买入,200.0,34.76,0.74,500.0,23.3437,700.0,26.6066,
U12672188,20250730,20250730;104601,CGTL,买入,100.0,0.9074,0.37,0.0,0.0,100.0,0.9111,
U12672188,20250730,20250730;154847,XIACY,买入,200.0,34.5,0.64,700.0,26.6066,900.0,28.3614,
U12672188,20250731,20250731;040000,BOXX,买入,10.0,113.05,0.04,1850.0,112.9564,1860.0,112.957,
U12672188,20250731,20250731;040000,BOXX,买入,100.0,113.05,0.37,1860.0,112.957,1960.0,112.9619,
U12672188,20250731,20250731;040110,BOXX,买入,325.0,113.05,0.17,1960.0,112.9619,2285.0,112.9745,
U12672188,20250731,20250731;040156,BOXX,买入,325.0,113.05,0.17,2285.0,112.9745,2610.0,112.984,
U12672188,20250731,20250731;040158,BOXX,买入,210.0,113.05,0.11,2610.0,112.984,2820.0,112.9889,
U12672188,20250731,20250731;040247,BOXX,买入,105.0,113.05,0.06,2820.0,112.9889,2925.0,112.9911,
U12672188,20250731,20250731;040334,BOXX,买入,55.0,113.05,0.03,2925.0,112.9911,2980.0,112.9922,
U12672188,20250731,20250731;040803,BOXX,买入,50.0,113.05,0.03,2980.0,112.9922,3030.0,112.9932,
U12672188,20250731,20250731;042316,BOXX,买入,9.0,113.05,0.0,3030.0,112.9932,3039.0,112.9934,
U12672188,20250731,20250731;042555,BOXX,买入,5.0,113.05,0.0,3039.0,112.9934,3044.0,112.9935,
U12672188,20250731,20250731;042905,BOXX,买入,1.0,113.05,0.0,3044.0,112.9935,3045.0,112.9935,
U12672188,20250731,20250731;043020,BOXX,买入,1.0,113.05,0.0,3045.0,112.9935,3046.0,112.9935,
U12672188,20250731,20250731;045027,BOXX,买入,3.0,113.05,0.0,3046.0,112.9935,3049.0,112.9936,
U12672188,20250731,20250731;045304,BOXX,买入,5.0,113.05,0.0,3049.0,112.9936,3054.0,112.9936,
U12672188,20250731,20250731;045834,BOXX,买入,19.0,113.05,0.01,3054.0,112.9936,3073.0,112.994,
U12672188,20250731,20250731;051311,BOXX,买入,5.0,113.05,0.0,3073.0,112.994,3078.0,112.9941,
U12672188,20250731,20250731;052218,BOXX,买入,71.0,113.05,0.04,3078.0,112.9941,3149.0,112.9954,
U12672188,20250731,20250731;052442,BOXX,买入,30.0,113.05,0.02,3149.0,112.9954,3179.0,112.9959,
U12672188,20250731,20250731;053453,BOXX,买入,20.0,113.05,0.01,3179.0,112.9959,3199.0,112.9962,
U12672188,20250731,20250731;054538,BOXX,买入,1056.0,113.05,0.55,3199.0,112.9962,4255.0,113.0097,
U12672188,20250731,20250731;054541,BOXX,买入,1.0,113.05,0.0,4255.0,113.0097,4256.0,113.0097,
U12672188,20250731,20250731;060114,BOXX,买入,1.0,113.05,0.0,4256.0,113.0097,4257.0,113.0097,
U12672188,20250731,20250731;060915,BOXX,买入,3.0,113.05,0.0,4257.0,113.0097,4260.0,113.0098,
U12672188,20250731,20250731;061942,BOXX,买入,18.0,113.05,0.01,4260.0,113.0098,4278.0,113.0099,
U12672188,20250731,20250731;070000,BOXX,买入,600.0,113.05,0.31,4278.0,113.0099,4878.0,113.0149,
U12672188,20250731,20250731;074741,BOXX,买入,5.0,113.05,0.0,4878.0,113.0149,4883.0,113.015,
U12672188,20250731,20250731;074939,BOXX,买入,30.0,113.05,0.02,4883.0,113.015,4913.0,113.0152,
U12672188,20250731,20250731;082141,BOXX,买入,1.0,113.05,0.0,4913.0,113.0152,4914.0,113.0152,
U12672188,20250731,20250731;083431,BOXX,买入,4.0,113.05,0.0,4914.0,113.0152,4918.0,113.0152,
U12672188,20250731,20250731;084604,BOXX,买入,8.0,113.05,0.0,4918.0,113.0152,4926.0,113.0153,
U12672188,20250731,20250731;084851,BOXX,买入,3.0,113.05,0.0,4926.0,113.0153,4929.0,113.0153,
U12672188,20250731,20250731;084958,BOXX,买入,60.0,113.05,0.03,4929.0,113.0153,4989.0,113.0157,
U12672188,20250731,20250731;092549,BOXX,买入,200.0,113.05,0.1,4989.0,113.0157,5189.0,113.0171,
U12672188,20250731,20250731;093411,BOXX,买入,1451.0,113.05,3.08,5189.0,113.0171,6640.0,113.0247,
U12672188,20250731,20250731;132805,MPNGY,买入,133.0,30.7,0.43,0.0,0.0,133.0,30.7032,
U12672188,20250731,20250731;133502,MPNGY,买入,200.0,30.7,0.64,133.0,30.7032,333.0,30.7032,
U12672188,20250731,20250731;133604,MPNGY,买入,1167.0,30.7,3.74,333.0,30.7032,1500.0,30.7032,
U12672188,20250731,20250731;141500,QQQ,买入,100.0,565.0,0.24,410.5339,489.9733,510.5339,504.6695,
U12672188,20250731,20250731;141630,QQQ,买入,20.0,564.0,0.33,510.5339,504.6695,530.5339,506.9067,
U12672188,20250731,20250731;155527,XIACY,买入,15.0,33.6,0.35,900.0,28.3614,915.0,28.4476,
U12672188,20250731,20250731;155646,XIACY,买入,116.0,33.6,0.07,915.0,28.4476,1031.0,29.0274,
U12672188,20250801,20250801;040000,BOXX,卖出,442.0,113.06,0.31,6640.0,113.0247,6198.0,113.0247,
U12672188,20250801,20250801;040000,BOXX,卖出,100.0,113.06,0.07,6198.0,113.0247,6098.0,113.0247,
U12672188,20250801,20250801;040000,BOXX,卖出,68.0,113.06,0.05,6098.0,113.0247,6030.0,113.0247,
U12672188,20250801,20250801;040000,BOXX,卖出,150.0,113.06,0.1,6030.0,113.0247,5880.0,113.0247,
U12672188,20250801,20250801;040000,BOXX,卖出,12.0,113.06,0.01,5880.0,113.0247,5868.0,113.0247,
U12672188,20250801,20250801;040000,BOXX,卖出,228.0,113.06,0.16,5868.0,113.0247,5640.0,113.0247,
U12672188,20250801,20250801;093330,QQQ,买入,0.3824,557.12,0.21,530.5339,506.9067,530.9163,506.9433,
U12672188,20250806,20250806;093000,JEPI,买入,1.1583,55.94,0.07,201.2653,56.0549,202.4236,56.0546,
U12672188,20250806,20250806;093210,JEPQ,买入,9.8169,54.46,0.35,1338.6081,52.1802,1348.425,52.197,
U12672188,20250806,20250806;105343,XIACY,买入,100.0,33.51,0.67,1031.0,29.0274,1131.0,29.4243,
U12672188,20250806,20250806;105917,XIACY,买入,300.0,33.5,0.96,1131.0,29.4243,1431.0,30.2794,
U12672188,20250806,20250806;105922,XIACY,买入,300.0,33.5,0.96,1431.0,30.2794,1731.0,30.8382,
U12672188,20250806,20250806;105922,XIACY,买入,100.0,33.5,0.32,1731.0,30.8382,1831.0,30.9837,
U12672188,20250806,20250806;105922,XIACY,买入,300.0,33.48,2.01,1831.0,30.9837,2131.0,31.3361,
U12672188,20250807,20250807;093314,SGOV,买入,8.9744,100.44,0.35,2763.037,100.4388,2772.0114,100.4389,
U12672188,20250808,20250808;100837,BOXX,买入,211.0,113.17,1.41,5640.0,113.0247,5851.0,113.0302,
U12672188,20250808,20250808;100837,BOXX,买入,289.0,113.17,1.93,5851.0,113.0302,6140.0,113.0371,
U12672188,20250808,20250808;103901,CGTL,卖出,100.0,0.93,0.39,100.0,0.9111,0.0,0.0,
U12672188,20250812,20250812;121538,XPEV,买入,1000.0,19.99,2.52,29000.0,17.6409,30000.0,17.7193,
U12672188,20250812,20250812;144906,IBKR,买入,100.0,67.61,0.37,100.0,65.5667,200.0,66.5902,
U12672188,20250812,20250812;145022,SGOV,卖出,300.0,100.495,1.17,2772.0114,100.4389,2472.0114,100.4389,
U12672188,20250813,20250813;145021,IBKR,买入,100.0,63.09,0.37,200.0,66.5902,300.0,65.4247,
U12672188,20250815,20250815;093110,AAPL,买入,1.1026,233.43,0.26,1100.0,203.0682,1101.1026,203.0988,
U12672188,20250818,20250818;112548,QQQI,买入,200.0,53.65,0.48,0.0,0.0,200.0,53.6524,
U12672188,20250818,20250818;125322,NVO,买入,100.0,54.3593,0.37,337.0,70.0581,437.0,66.4666,
U12672188,20250818,20250818;164855,BOXX,买入,300.0,113.3,2.0,6140.0,113.0371,6440.0,113.0496,
U12672188,20250825,20250825;093404,QQQI,买入,2.1507,52.6,0.11,200.0,53.6524,202.1507,53.6418,
U12672188,20250827,20250827;093102,NVO,买入,2.4908,55.68,0.14,437.0,66.4666,439.4908,66.4058,
U12672188,20250829,20250829;101511,QQQ,买入,10.0,569.55,0.34,530.9163,506.9433,540.9163,508.1014,
U12672188,20250903,20250903;100106,BOXX,买入,0.9796,113.5096,0.35,6440.0,113.0496,6440.9796,113.0498,
U12672188,20250903,20250903;100106,BOXX,买入,71.0,113.51,0.23,6440.9796,113.0498,6511.9796,113.0548,
U12672188,20250903,20250903;100106,BOXX,买入,500.0,113.51,3.24,6511.9796,113.0548,7011.9796,113.0877,
U12672188,20250903,20250903;100106,BOXX,买入,309.0,113.51,2.08,7011.9796,113.0877,7320.9796,113.1059,
U12672188,20250905,20250905;093000,JEPI,买入,1.1795,56.88,0.07,202.4236,56.0546,203.6031,56.0597,
U12672188,20250905,20250905;093205,JEPQ,买入,9.5776,56.0,0.35,1348.425,52.197,1358.0026,52.2241,
U12672188,20250905,20250905;104711,LULU,买入,100.0,170.0,0.24,0.0,0.0,100.0,170.0024,
U12672188,20250905,20250905;114531,BOXX,卖出,200.0,113.565,0.78,7320.9796,113.1059,7120.9796,113.1059,
U12672188,20250908,20250908;093000,SGOV,买入,7.9755,100.46,0.35,2472.0114,100.4389,2479.9869,100.4391,
U12672188,20250910,20250910;094203,BABA,买入,100.0,145.0,0.25,0.0,0.0,100.0,145.0025,
U12672188,20250910,20250910;120928,SGOV,卖出,100.0,100.48,0.23,2479.9869,100.4391,2379.9869,100.4391,
U12672188,20250910,20250910;142637,QQQ,买入,10.0,580.0,0.34,540.9163,508.1014,550.9163,509.407,
U12672188,20250915,20250915;093110,IBKR,买入,0.3379,63.91,0.02,300.0,65.4247,300.3379,65.4231,
U12672188,20250923,20250923;095930,BABA,买入,100.0,167.6,0.37,100.0,145.0025,200.0,156.3031,
U12672188,20250923,20250923;104218,BOXX,卖出,100.0,113.775,0.39,7120.9796,113.1059,7020.9796,113.1059,
U12672188,20250923,20250923;132723,BABA,买入,63.0,165.0,0.29,200.0,156.3031,263.0,158.3875,
U12672188,20250923,20250923;132723,BABA,买入,37.0,165.0,0.04,263.0,158.3875,300.0,159.2032,
U12672188,20250924,20250924;040000,BOXX,卖出,100.0,113.77,0.39,7020.9796,113.1059,6920.9796,113.1059,
U12672188,20250929,20250929;093150,QQQI,买入,2.155,54.125,0.12,202.1507,53.6418,204.3057,53.6475,
U12672188,20250929,20250929;130222,QQQ,买入,50.0,598.335,0.36,550.9163,509.407,600.9163,516.807,
U12672188,20250929,20250929;130338,SPLG,买入,100.0,77.945,0.37,201.1243,66.3142,301.1243,70.1779,
U12672188,20251001,20251001;093000,SPLG,买入,0.5527,78.01,0.04,301.1243,70.1779,301.677,70.1924,
U12672188,20251002,20251002;093353,VOO,买入,0.0763,616.34,0.05,30.0548,525.1634,30.1311,525.3958,
U12672188,20251002,20251002;104323,COIN,买入,100.0,360.0,0.24,0.0,0.0,100.0,360.0024,
U12672188,20251006,20251006;093112,JEPQ,买入,9.4908,57.45,0.35,1358.0026,52.2241,1367.4934,52.2606,
U12672188,20251006,20251006;093402,JEPI,买入,1.1609,56.99,0.07,203.6031,56.0597,204.764,56.0653,
U12672188,20251007,20251007;093119,SGOV,买入,7.3925,100.44,0.35,2379.9869,100.4391,2387.3794,100.4393,
U12672188,20251010,20251010;112234,AAPL,卖出,1100.0,249.44,2.85,1101.1026,203.0988,1.1026,203.0988,
U12672188,20251010,20251010;112417,AAPL,卖出,1.0,249.235,0.35,1.1026,203.0988,0.1026,203.0988,
U12672188,20251010,20251010;120134,AAPL,卖出,0.1026,248.37,0.26,0.1026,203.0988,0.0,0.0,
U12672188,20251010,20251010;121120,BOXX,买入,400.0,113.99,1.49,6920.9796,113.1059,7320.9796,113.1544,
U12672188,20251010,20251010;121120,BOXX,买入,696.0,113.99,4.68,7320.9796,113.1544,8016.9796,113.2275,
U12672188,20251010,20251010;121120,BOXX,买入,1404.0,113.99,5.23,8016.9796,113.2275,9420.9796,113.3417,
U12672188,20251013,20251013;090435,GOOG,买入,121.0,240.0,0.06,0.0,0.0,121.0,240.0005,
U12672188,20251013,20251013;090435,GOOG,买入,79.0,240.0,0.04,121.0,240.0005,200.0,240.0005,
U12672188,20251013,20251013;092201,BOXX,卖出,387.0,113.97,2.67,9420.9796,113.3417,9033.9796,113.3417,
U12672188,20251013,20251013;092201,BOXX,卖出,13.0,113.97,0.09,9033.9796,113.3417,9020.9796,113.3417,
U12672188,20251013,20251013;093000,COIN,买入,100.0,360.0,0.17,100.0,360.0024,200.0,360.0021,
U12672188,20251013,20251013;093543,BOXX,卖出,100.0,113.975,0.39,9020.9796,113.3417,8920.9796,113.3417,
U12672188,20251013,20251013;093543,BOXX,卖出,200.0,113.975,0.78,8920.9796,113.3417,8720.9796,113.3417,
U12672188,20251013,20251013;110241,XIACY,买入,200.0,31.5,0.64,2131.0,31.3361,2331.0,31.3504,
U12672188,20251013,20251013;110741,XIACY,买入,800.0,31.5,2.56,2331.0,31.3504,3131.0,31.3895,
U12672188,20251013,20251013;110913,BOXX,卖出,2.0,113.985,0.35,8720.9796,113.3417,8718.9796,113.3417,
U12672188,20251013,20251013;110913,BOXX,卖出,100.0,113.985,0.05,8718.9796,113.3417,8618.9796,113.3417,
U12672188,20251013,20251013;110913,BOXX,卖出,98.0,113.985,0.38,8618.9796,113.3417,8520.9796,113.3417,
U12672188,20251016,20251016;145908,SCHW,买入,100.0,93.555,0.67,0.0,0.0,100.0,93.5617,
U12672188,20251016,20251016;151525,QQQI,买入,99.0,54.0,0.24,204.3057,53.6475,303.3057,53.7633,
U12672188,20251016,20251016;151525,QQQI,买入,1.0,54.0,0.0,303.3057,53.7633,304.3057,53.7641,
U12672188,20251016,20251016;151909,BOXX,卖出,100.0,114.032,0.39,8520.9796,113.3417,8420.9796,113.3417,
U12672188,20251017,20251017;123349,IBKR,买入,100.0,66.84,0.37,300.3379,65.4231,400.3379,65.778,
U12672188,20251020,20251020;101825,JEPQ,卖出,1367.0,57.895,5.32,1367.4934,52.2606,0.4934,52.2606,
U12672188,20251020,20251020;101825,JEPQ,卖出,0.4934,57.89,0.0,0.4934,52.2606,0.0,0.0,
U12672188,20251020,20251020;145424,BOXX,买入,225.0,114.085,0.84,8420.9796,113.3417,8645.9796,113.3611,
U12672188,20251020,20251020;145424,BOXX,买入,875.0,114.085,3.26,8645.9796,113.3611,9520.9796,113.428,
U12672188,20251021,20251021;102559,XIACY,买入,1000.0,29.8,3.7,3131.0,31.3895,4131.0,31.0056,
U12672188,20251021,20251021;102751,QQQI,买入,1000.0,54.99,6.72,304.3057,53.7641,1304.3057,54.7091,
U12672188,20251022,20251022;021252,BOXX,卖出,24.0,114.1,0.41,9520.9796,113.428,9496.9796,113.428,
U12672188,20251022,20251022;021252,BOXX,卖出,41.0,114.1,0.1,9496.9796,113.428,9455.9796,113.428,
U12672188,20251022,20251022;021252,BOXX,卖出,546.0,114.09,3.09,9455.9796,113.428,8909.9796,113.428,
U12672188,20251022,20251022;021252,BOXX,卖出,121.0,114.1,0.71,8909.9796,113.428,8788.9796,113.428,
U12672188,20251022,20251022;021252,BOXX,卖出,68.0,114.09,0.4,8788.9796,113.428,8720.9796,113.428,
U12672188,20251024,20251024;122539,XIACY,买入,100.0,29.54,0.32,4131.0,31.0056,4231.0,30.971,
U12672188,20251024,20251024;122552,XIACY,买入,100.0,29.54,0.32,4231.0,30.971,4331.0,30.9381,
U12672188,20251024,20251024;122640,XIACY,买入,100.0,29.54,0.32,4331.0,30.9381,4431.0,30.9066,
U12672188,20251024,20251024;122713,XIACY,买入,30.0,29.54,0.1,4431.0,30.9066,4461.0,30.8974,
U12672188,20251024,20251024;122830,XIACY,买入,100.0,29.54,0.32,4461.0,30.8974,4561.0,30.8677,
U12672188,20251024,20251024;123650,XIACY,买入,200.0,29.54,0.64,4561.0,30.8677,4761.0,30.8121,
U12672188,20251024,20251024;123927,XIACY,买入,200.0,29.54,0.64,4761.0,30.8121,4961.0,30.7609,
U12672188,20251024,20251024;124008,XIACY,买入,100.0,29.54,0.32,4961.0,30.7609,5061.0,30.7369,
U12672188,20251024,20251024;124011,XIACY,买入,70.0,29.54,0.22,5061.0,30.7369,5131.0,30.7206,
U12672188,20251024,20251024;124431,BOXX,卖出,100.0,114.13,0.37,8720.9796,113.428,8620.9796,113.428,
U12672188,20251024,20251024;124431,BOXX,卖出,100.0,114.135,0.39,8620.9796,113.428,8520.9796,113.428,
U12672188,20251024,20251024;153058,BABA,买入,200.0,174.4888,0.74,300.0,159.2032,500.0,165.3189,
U12672188,20251024,20251024;153235,BOXX,买入,300.0,114.14,1.12,8520.9796,113.428,8820.9796,113.4523,
U12672188,20251024,20251024;153508,BOXX,卖出,70.0,114.135,0.38,8820.9796,113.4523,8750.9796,113.4523,
U12672188,20251024,20251024;153508,BOXX,卖出,100.0,114.135,0.28,8750.9796,113.4523,8650.9796,113.4523,
U12672188,20251024,20251024;153508,BOXX,卖出,200.0,114.135,0.78,8650.9796,113.4523,8450.9796,113.4523,
U12672188,20251024,20251024;153508,BOXX,卖出,230.0,114.13,0.89,8450.9796,113.4523,8220.9796,113.4523,
U12672188,20251027,20251027;093405,QQQI,买入,13.6737,55.33,0.35,1304.3057,54.7091,1317.9794,54.7159,
U12672188,20251027,20251027;141828,XIACY,买入,1000.0,29.36,3.2,5131.0,30.7206,6131.0,30.4992,
U12672188,20251027,20251027;165413,BOXX,卖出,300.0,114.13,1.17,8220.9796,113.4523,7920.9796,113.4523,
U12672188,20251029,20251029;164631,META,买入,20.0,699.99,0.06,0.0,0.0,20.0,699.9932,
U12672188,20251029,20251029;164631,META,买入,5.0,699.96,0.02,20.0,699.9932,25.0,699.9872,
U12672188,20251029,20251029;164631,META,买入,12.0,699.99,0.04,25.0,699.9872,37.0,699.9892,
U12672188,20251029,20251029;164631,META,买入,43.0,700.0,0.14,37.0,699.9892,80.0,699.9967,
U12672188,20251029,20251029;165038,BOXX,卖出,363.0,114.15,2.5,7920.9796,113.4523,7557.9796,113.4523,
U12672188,20251029,20251029;165038,BOXX,卖出,50.0,114.15,0.34,7557.9796,113.4523,7507.9796,113.4523,
U12672188,20251029,20251029;165038,BOXX,卖出,20.0,114.15,0.14,7507.9796,113.4523,7487.9796,113.4523,
U12672188,20251029,20251029;165038,BOXX,卖出,37.0,114.15,0.25,7487.9796,113.4523,7450.9796,113.4523,
U12672188,20251103,20251103;093145,QQQ,买入,0.5414,635.5,0.34,600.9163,516.807,601.4577,516.9144,
U12672188,20251103,20251103;093215,SPY,买入,0.0961,685.29,0.07,40.0,635.0074,40.0961,635.1295,
U12672188,20251106,20251106;093100,JEPI,买入,1.1307,56.44,0.06,204.764,56.0653,205.8947,56.0677,
U12672188,20251106,20251106;162114,COIN,买入,36.0,294.94,0.47,200.0,360.0021,236.0,350.0793,
U12672188,20251106,20251106;162114,COIN,买入,38.0,294.94,0.12,236.0,350.0793,274.0,342.4327,
U12672188,20251106,20251106;162114,COIN,买入,26.0,294.94,0.08,274.0,342.4327,300.0,338.317,
U12672188,20251107,20251107;093310,SGOV,买入,7.4346,100.46,0.35,2387.3794,100.4393,2394.814,100.4395,
U12672188,20251107,20251107;162000,QQQ,买入,100.0,629.0,0.0,601.4577,516.9144,701.4577,530.1477,Put行权(QQQ   251107P00629000)
U12672188,20251110,20251109;203704,BOXX,卖出,53.0,114.29,0.48,7450.9796,113.4523,7397.9796,113.4523,
U12672188,20251110,20251109;203704,BOXX,卖出,447.0,114.29,2.47,7397.9796,113.4523,6950.9796,113.4523,
U12672188,20251110,20251110;110758,META,买入,100.0,628.5,0.24,80.0,699.9967,180.0,660.2777,
U12672188,20251110,20251110;111114,BOXX,卖出,500.0,114.325,1.95,6950.9796,113.4523,6450.9796,113.4523,
U12672188,20251110,20251110;111942,BOXX,卖出,100.0,114.325,0.39,6450.9796,113.4523,6350.9796,113.4523,
U12672188,20251112,20251112;094626,META,买入,50.0,620.0,0.3,180.0,660.2777,230.0,651.5229,
U12672188,20251112,20251112;104447,BOXX,卖出,76.0,114.335,0.38,6350.9796,113.4523,6274.9796,113.4523,
U12672188,20251112,20251112;104447,BOXX,卖出,100.0,114.335,0.3,6274.9796,113.4523,6174.9796,113.4523,
U12672188,20251112,20251112;104447,BOXX,卖出,24.0,114.335,0.09,6174.9796,113.4523,6150.9796,113.4523,
U12672188,20251113,20251113;125646,XIACY,买入,65.0,27.625,0.36,6131.0,30.4992,6196.0,30.4691,
U12672188,20251113,20251113;125646,XIACY,买入,424.0,27.63,1.45,6196.0,30.4691,6620.0,30.2875,
U12672188,20251113,20251113;125739,XIACY,买入,300.0,27.63,1.11,6620.0,30.2875,6920.0,30.1724,
U12672188,20251113,20251113;125803,XIACY,买入,211.0,27.63,0.78,6920.0,30.1724,7131.0,30.0973,
U12672188,20251114,20251114;042905,BOXX,卖出,100.0,114.36,0.69,6150.9796,113.4523,6050.9796,113.4523,
U12672188,20251114,20251114;042924,BOXX,卖出,200.0,114.36,1.38,6050.9796,113.4523,5850.9796,113.4523,
U12672188,20251114,20251114;093218,QQQ,买入,50.0,598.255,0.36,701.4577,530.1477,751.4577,534.6798,
U12672188,20251114,20251114;093312,BOXX,卖出,100.0,114.365,0.39,5850.9796,113.4523,5750.9796,113.4523,
U12672188,20251114,20251114;093332,BOXX,卖出,100.0,114.365,0.39,5750.9796,113.4523,5650.9796,113.4523,
U12672188,20251114,20251114;162000,XPEV,卖出,30000.0,25.0,4.98,30000.0,17.7193,0.0,0.0,Call行权(XPEV  251114C00025000)
U12672188,20251117,20251117;010109,XPEV,买入,20000.0,24.75,62.49,0.0,0.0,20000.0,24.7531,
U12672188,20251117,20251117;012322,XPEV,买入,1500.0,24.69,8.59,20000.0,24.7531,21500.0,24.7491,
U12672188,20251117,20251117;012322,XPEV,买入,123.0,24.69,0.7,21500.0,24.7491,21623.0,24.7488,
U12672188,20251117,20251117;012322,XPEV,买入,2320.0,24.69,13.28,21623.0,24.7488,23943.0,24.7437,
U12672188,20251117,20251117;012322,XPEV,买入,3514.0,24.69,10.98,23943.0,24.7437,27457.0,24.7372,
U12672188,20251117,20251117;012322,XPEV,买入,1000.0,24.69,3.12,27457.0,24.7372,28457.0,24.7357,
U12672188,20251117,20251117;012322,XPEV,买入,100.0,24.69,0.31,28457.0,24.7357,28557.0,24.7355,
U12672188,20251117,20251117;012322,XPEV,买入,145.0,24.69,0.83,28557.0,24.7355,28702.0,24.7353,
U12672188,20251117,20251117;012322,XPEV,买入,196.0,24.69,0.61,28702.0,24.7353,28898.0,24.735,
U12672188,20251117,20251117;012322,XPEV,买入,500.0,24.69,2.86,28898.0,24.735,29398.0,24.7343,
U12672188,20251117,20251117;012322,XPEV,买入,502.0,24.69,2.87,29398.0,24.7343,29900.0,24.7337,
U12672188,20251117,20251117;104213,COIN,买入,100.0,267.03,0.37,300.0,338.317,400.0,320.4961,
U12672188,20251117,20251117;105222,BOXX,卖出,200.0,114.42,0.74,5650.9796,113.4523,5450.9796,113.4523,
U12672188,20251118,20251118;095910,QQQM,买入,100.0,245.0,0.24,0.0,0.0,100.0,245.0024,
U12672188,20251118,20251118;105815,BOXX,卖出,200.0,114.4001,0.78,5450.9796,113.4523,5250.9796,113.4523,
U12672188,20251118,20251118;113254,XIACY,买入,98.0,26.93,0.66,7131.0,30.0973,7229.0,30.0545,
U12672188,20251118,20251118;113254,XIACY,买入,99.0,26.93,0.66,7229.0,30.0545,7328.0,30.0123,
U12672188,20251118,20251118;113254,XIACY,买入,704.0,26.94,4.72,7328.0,30.0123,8032.0,29.7436,
U12672188,20251118,20251118;113435,BOXX,卖出,100.0,114.4,0.68,5250.9796,113.4523,5150.9796,113.4523,
U12672188,20251119,20251119;094006,XIACY,买入,1000.0,24.93,3.7,8032.0,29.7436,9032.0,29.2111,
U12672188,20251119,20251119;121121,BOXX,卖出,200.0,114.425,0.78,5150.9796,113.4523,4950.9796,113.4523,
U12672188,20251120,20251120;131101,XIACY,买入,800.0,23.83,2.96,9032.0,29.2111,9832.0,28.7736,
U12672188,20251120,20251120;131101,XIACY,买入,200.0,23.83,0.74,9832.0,28.7736,10032.0,28.6751,
U12672188,20251120,20251120;131208,BOXX,卖出,200.0,114.4208,0.78,4950.9796,113.4523,4750.9796,113.4523,
U12672188,20251121,20251120;211152,QQQM,买入,100.0,241.59,0.31,100.0,245.0024,200.0,243.2978,
U12672188,20251121,20251121;104707,BOXX,卖出,80.0,114.455,0.38,4750.9796,113.4523,4670.9796,113.4523,
U12672188,20251121,20251121;104707,BOXX,卖出,20.0,114.455,0.01,4670.9796,113.4523,4650.9796,113.4523,
U12672188,20251121,20251121;104707,BOXX,卖出,100.0,114.455,0.39,4650.9796,113.4523,4550.9796,113.4523,
U12672188,20251201,20251201;093112,SCHW,买入,0.2634,92.25,0.02,100.0,93.5617,100.2634,93.5585,
U12672188,20251201,20251201;093207,QQQI,买入,13.8474,54.0,0.35,1317.9794,54.7159,1331.8268,54.7087,
U12672188,20251202,20251202;111755,XIACY,买入,90.0,25.92,0.32,10032.0,28.6751,10122.0,28.6506,
U12672188,20251202,20251202;112205,XIACY,买入,300.0,25.92,0.93,10122.0,28.6506,10422.0,28.5721,
U12672188,20251202,20251202;112303,XIACY,买入,200.0,25.92,0.64,10422.0,28.5721,10622.0,28.5222,
U12672188,20251202,20251202;112303,XIACY,买入,100.0,25.92,0.32,10622.0,28.5222,10722.0,28.498,
U12672188,20251202,20251202;112303,XIACY,买入,8.0,25.92,0.03,10722.0,28.498,10730.0,28.4961,
U12672188,20251202,20251202;112317,XIACY,买入,94.0,25.92,0.3,10730.0,28.4961,10824.0,28.4737,
U12672188,20251202,20251202;112317,XIACY,买入,8.0,25.92,0.03,10824.0,28.4737,10832.0,28.4718,
U12672188,20251202,20251202;112317,XIACY,买入,200.0,25.92,0.64,10832.0,28.4718,11032.0,28.4256,
U12672188,20251203,20251203;095203,GOOG,卖出,200.0,315.59,0.77,200.0,240.0005,0.0,0.0,
U12672188,20251203,20251203;095503,QQQM,买入,100.0,254.99,0.37,200.0,243.2978,300.0,247.1964,
U12672188,20251204,20251204;093000,JEPI,买入,1.1938,57.52,0.07,205.8947,56.0677,207.0885,56.0764,
U12672188,20251205,20251205;093310,SGOV,买入,6.7138,100.45,0.35,2394.814,100.4395,2401.5278,100.4397,
U12672188,20251209,20251208;225710,GOOG,买入,97.0,314.59,0.56,0.0,0.0,97.0,314.5958,
U12672188,20251209,20251208;225710,GOOG,买入,203.0,314.6,1.15,97.0,314.5958,300.0,314.6025,
U12672188,20251209,20251208;225938,BOXX,卖出,13.0,114.74,0.38,4550.9796,113.4523,4537.9796,113.4523,
U12672188,20251209,20251208;225938,BOXX,卖出,468.0,114.74,2.44,4537.9796,113.4523,4069.9796,113.4523,
U12672188,20251209,20251208;225938,BOXX,卖出,219.0,114.73,1.29,4069.9796,113.4523,3850.9796,113.4523,
U12672188,20251215,20251215;093217,IBKR,买入,0.4466,64.55,0.03,400.3379,65.778,400.7845,65.7767,
U12672188,20251216,20251216;113752,QQQI,买入,200.0,53.7893,0.74,1331.8268,54.7087,1531.8268,54.5891,
U12672188,20251217,20251217;105630,LULU,卖出,100.0,205.725,0.39,100.0,170.0024,0.0,0.0,
U12672188,20251217,20251217;110820,AVGO,买入,100.0,325.0,0.24,0.0,0.0,100.0,325.0024,
U12672188,20251218,20251218;134133,BOXX,卖出,100.0,114.845,0.39,3850.9796,113.4523,3750.9796,113.4523,
U12672188,20251218,20251218;135859,COIN,买入,100.0,245.0,0.24,400.0,320.4961,500.0,305.3974,
U12672188,20251218,20251218;141344,BOXX,卖出,100.0,114.8407,0.39,3750.9796,113.4523,3650.9796,113.4523,
U12672188,20251218,20251218;141403,BOXX,卖出,100.0,114.8407,0.39,3650.9796,113.4523,3550.9796,113.4523,
U12672188,20251222,20251222;120656,XIACY,买入,39.0,25.5,0.34,11032.0,28.4256,11071.0,28.4153,
U12672188,20251222,20251222;120700,XIACY,买入,55.0,25.5,0.02,11071.0,28.4153,11126.0,28.4009,
U12672188,20251222,20251222;120701,XIACY,买入,68.0,25.5,0.2,11126.0,28.4009,11194.0,28.3833,
U12672188,20251222,20251222;120703,XIACY,买入,67.0,25.5,0.21,11194.0,28.3833,11261.0,28.3662,
U12672188,20251222,20251222;121151,XIACY,买入,75.0,25.5,0.24,11261.0,28.3662,11336.0,28.3473,
U12672188,20251222,20251222;121341,XIACY,买入,19.0,25.5,0.06,11336.0,28.3473,11355.0,28.3425,
U12672188,20251222,20251222;121701,BOXX,卖出,200.0,114.925,0.77,3550.9796,113.4523,3350.9796,113.4523,
U12672188,20251222,20251222;121701,BOXX,卖出,100.0,114.925,0.39,3350.9796,113.4523,3250.9796,113.4523,
U12672188,20251222,20251222;121800,XIACY,买入,1.0,25.5,0.0,11355.0,28.3425,11356.0,28.3422,
U12672188,20251222,20251222;121842,XIACY,买入,76.0,25.5,0.24,11356.0,28.3422,11432.0,28.3234,
U12672188,20251222,20251222;122035,XIACY,买入,14.0,25.5,0.04,11432.0,28.3234,11446.0,28.3199,
U12672188,20251222,20251222;122733,XIACY,买入,200.0,25.5,0.64,11446.0,28.3199,11646.0,28.2716,
U12672188,20251222,20251222;122841,XIACY,买入,10.0,25.5,0.03,11646.0,28.2716,11656.0,28.2692,
U12672188,20251222,20251222;132111,COIN,买入,100.0,250.0,0.24,500.0,305.3974,600.0,296.1649,
U12672188,20251222,20251222;151048,XIACY,买入,200.0,25.5,0.64,11656.0,28.2692,11856.0,28.2225,
U12672188,20251222,20251222;152952,XIACY,买入,176.0,25.5,0.56,11856.0,28.2225,12032.0,28.1827,
U12672188,20251223,20251223;100920,COIN,买入,100.0,239.485,0.37,600.0,296.1649,700.0,288.0683,
U12672188,20251224,20251224;093000,META,买入,0.1783,662.36,0.12,230.0,651.5229,230.1783,651.5318,
U12672188,20251226,20251226;093000,VOO,买入,0.0755,635.22,0.05,30.1311,525.3958,30.2066,525.6719,
U12672188,20251226,20251226;093450,SGOV,买入,6.9585,100.34,0.35,2401.5278,100.4397,2408.4863,100.4395,
U12672188,20251229,20251229;093134,QQQI,买入,16.3014,54.235,0.35,1531.8268,54.5891,1548.1282,54.5856,
U12672188,20251229,20251229;093433,QQQM,买入,0.3413,255.45,0.09,300.0,247.1964,300.3413,247.2061,
U12672188,20251231,20251231;093300,SPYM,买入,0.8001,80.81,0.06,0.0,0.0,0.8001,80.8911,
U12672188,20260102,20260102;093208,QQQ,买入,0.8656,620.41,0.35,751.4577,534.6798,752.3233,534.7789,
U12672188,20260102,20260102;093538,AVGO,买入,0.1643,355.89,0.06,100.0,325.0024,100.1643,325.0537,
U12672188,20260106,20260106;093100,JEPI,买入,1.3863,57.425,0.08,207.0885,56.0764,208.4748,56.0857,
U12672188,20260112,20260112;093229,QQQI,买入,200.0,54.55,0.48,1548.1282,54.5856,1748.1282,54.5818,
U12672188,20260112,20260112;093629,BOXX,卖出,100.0,115.2507,0.39,3250.9796,113.4523,3150.9796,113.4523,
U12672188,20260113,20260113;095959,XIACY,买入,99.0,24.44,0.66,12032.0,28.1827,12131.0,28.1523,
U12672188,20260113,20260113;095959,XIACY,买入,607.0,24.45,4.06,12131.0,28.1523,12738.0,27.9761,
U12672188,20260113,20260113;095959,XIACY,买入,96.0,24.44,0.64,12738.0,27.9761,12834.0,27.9497,
U12672188,20260114,20260114;093909,BOXX,卖出,100.0,115.295,0.39,3150.9796,113.4523,3050.9796,113.4523,
U12672188,20260114,20260114;100558,XLE,买入,400.0,47.975,1.48,0.0,0.0,400.0,47.9787,
U12672188,20260114,20260114;100558,XLE,买入,200.0,47.975,0.74,400.0,47.9787,600.0,47.9787,
U12672188,20260114,20260114;100558,XLE,买入,400.0,47.98,1.48,600.0,47.9787,1000.0,47.9807,
U12672188,20260114,20260114;101910,TCOM,买入,40.0,64.0,0.31,0.0,0.0,40.0,64.0077,
U12672188,20260114,20260114;101913,TCOM,买入,34.0,64.0,0.04,40.0,64.0077,74.0,64.0046,
U12672188,20260114,20260114;101913,TCOM,买入,26.0,64.0,0.03,74.0,64.0046,100.0,64.0037,
U12672188,20260114,20260114;102849,BOXX,卖出,100.0,115.305,0.39,3050.9796,113.4523,2950.9796,113.4523,
U12672188,20260114,20260114;102849,BOXX,卖出,300.0,115.305,1.17,2950.9796,113.4523,2650.9796,113.4523,
U12672188,20260115,20260115;095408,SOXX,买入,99.0,343.33,0.24,0.0,0.0,99.0,343.3324,
U12672188,20260115,20260115;095408,SOXX,买入,1.0,343.33,0.0,99.0,343.3324,100.0,343.3324,
U12672188,20260115,20260115;095954,BOXX,卖出,100.0,115.3107,0.39,2650.9796,113.4523,2550.9796,113.4523,
U12672188,20260115,20260115;100041,BOXX,卖出,10.0,115.305,0.35,2550.9796,113.4523,2540.9796,113.4523,
U12672188,20260116,20260116;062053,HY9H,买入,100.0,446.0,22.3,0.0,0.0,100.0,446.223,
U12672188,20260116,20260116;062417,BOXX,卖出,200.0,115.33,1.38,2540.9796,113.4523,2340.9796,113.4523,
U12672188,20260116,20260116;062417,BOXX,卖出,130.0,115.33,0.9,2340.9796,113.4523,2210.9796,113.4523,
U12672188,20260116,20260116;063230,BOXX,卖出,10.0,115.33,0.02,2210.9796,113.4523,2200.9796,113.4523,
U12672188,20260116,20260116;063412,BOXX,卖出,160.0,115.33,0.37,2200.9796,113.4523,2040.9796,113.4523,
U12672188,20260126,20260126;093201,QQQI,买入,18.5512,53.93,0.35,1748.1282,54.5818,1766.6794,54.5752,
U12672188,20260130,20260130;135227,COIN,买入,100.0,193.285,0.37,700.0,288.0683,800.0,276.2209,
U12672188,20260130,20260130;135644,SLV,买入,50.0,76.666,0.36,0.0,0.0,50.0,76.6732,
U12672188,20260130,20260130;135644,SLV,买入,50.0,76.665,0.01,50.0,76.6732,100.0,76.6692,
U12672188,20260130,20260130;140054,SLV,买入,100.0,77.32,0.21,100.0,76.6692,200.0,76.9957,
U12672188,20260130,20260130;140158,GLD,买入,80.0,450.415,0.37,0.0,0.0,80.0,450.4196,
U12672188,20260130,20260130;140158,GLD,买入,20.0,450.43,0.0,80.0,450.4196,100.0,450.4217,
U12672188,20260130,20260130;140347,BOXX,卖出,200.0,115.475,0.78,2040.9796,113.4523,1840.9796,113.4523,
U12672188,20260130,20260130;140347,BOXX,卖出,400.0,115.475,1.56,1840.9796,113.4523,1440.9796,113.4523,
U12672188,20260202,20260201;203449,XPEV,买入,458.0,16.7,1.42,29900.0,24.7337,30358.0,24.6125,
U12672188,20260202,20260201;203449,XPEV,买入,542.0,16.7,1.68,30358.0,24.6125,30900.0,24.4738,
U12672188,20260202,20260201;204051,XPEV,买入,1664.0,16.79,9.49,30900.0,24.4738,32564.0,24.0815,
U12672188,20260202,20260201;204051,XPEV,买入,100.0,16.8,0.57,32564.0,24.0815,32664.0,24.0592,
U12672188,20260202,20260201;204115,XPEV,买入,713.0,16.8,2.21,32664.0,24.0592,33377.0,23.9042,
U12672188,20260202,20260201;204116,XPEV,买入,40.0,16.8,0.12,33377.0,23.9042,33417.0,23.8957,
U12672188,20260202,20260201;204117,XPEV,买入,40.0,16.8,0.12,33417.0,23.8957,33457.0,23.8872,
U12672188,20260202,20260201;204120,XPEV,买入,40.0,16.8,0.12,33457.0,23.8872,33497.0,23.8787,
U12672188,20260202,20260201;204121,XPEV,买入,40.0,16.8,0.12,33497.0,23.8787,33537.0,23.8703,
U12672188,20260202,20260201;204122,XPEV,买入,40.0,16.8,0.12,33537.0,23.8703,33577.0,23.8619,
U12672188,20260202,20260201;204125,XPEV,买入,1163.0,16.8,3.61,33577.0,23.8619,34740.0,23.6256,
U12672188,20260202,20260201;204125,XPEV,买入,40.0,16.8,0.12,34740.0,23.6256,34780.0,23.6177,
U12672188,20260202,20260201;204242,BOXX,卖出,700.0,115.48,4.13,1440.9796,113.4523,740.9796,113.4523,
U12672188,20260202,20260201;213207,XLE,卖出,92.0,50.24,0.57,1000.0,47.9807,908.0,47.9807,
U12672188,20260202,20260201;213207,XLE,卖出,300.0,50.25,1.74,908.0,47.9807,608.0,47.9807,
U12672188,20260202,20260201;213336,XLE,卖出,97.0,50.23,0.32,608.0,47.9807,511.0,47.9807,
U12672188,20260202,20260201;213356,XLE,卖出,40.0,50.23,0.13,511.0,47.9807,471.0,47.9807,
U12672188,20260202,20260201;213811,XLE,卖出,1.0,50.23,0.0,471.0,47.9807,470.0,47.9807,
U12672188,20260202,20260201;220216,XLE,卖出,10.0,50.1,0.35,470.0,47.9807,460.0,47.9807,
U12672188,20260202,20260201;220627,XLE,卖出,264.0,50.1,0.56,460.0,47.9807,196.0,47.9807,
U12672188,20260202,20260201;220700,XLE,卖出,2.0,50.1,0.01,196.0,47.9807,194.0,47.9807,
U12672188,20260202,20260201;234932,XLE,卖出,138.0,50.1,0.46,194.0,47.9807,56.0,47.9807,
U12672188,20260202,20260202;093000,SPY,买入,0.1043,689.63,0.07,40.0961,635.1295,40.2004,635.2727,
U12672188,20260203,20260203;012826,SLV,卖出,200.0,77.1,0.66,200.0,76.9957,0.0,0.0,
U12672188,20260203,20260203;070607,GLD,卖出,80.0,453.11,0.62,100.0,450.4217,20.0,450.4217,
U12672188,20260203,20260203;070607,GLD,卖出,20.0,453.11,0.01,20.0,450.4217,0.0,0.0,
U12672188,20260203,20260203;081237,HY9H,买入,100.0,538.0,26.9,100.0,446.223,200.0,492.246,
U12672188,20260204,20260204;101305,MU,买入,100.0,400.0,0.24,0.0,0.0,100.0,400.0024,
U12672188,20260204,20260204;120634,BOXX,卖出,100.0,115.5101,0.39,740.9796,113.4523,640.9796,113.4523,
U12672188,20260205,20260205;093001,BOXX,买入,100.0,115.52,0.67,640.9796,113.4523,740.9796,113.7323,
U12672188,20260205,20260205;093002,BOXX,买入,159.0,115.52,1.07,740.9796,113.7323,899.9796,114.0493,
U12672188,20260205,20260205;093002,BOXX,买入,341.0,115.52,2.29,899.9796,114.0493,1240.9796,114.4553,
U12672188,20260205,20260205;093401,JEPI,买入,1.1036,58.55,0.06,208.4748,56.0857,209.5784,56.099,
U12672188,20260205,20260205;201959,MSFT,转入,50.0,394.19,0.0,0.0,0.0,50.0,394.19,Transfer INTERNAL
U12672188,20260206,20260206;093311,SGOV,买入,6.6737,100.44,0.35,2408.4863,100.4395,2415.16,100.4397,
U12672188,20260212,20260212;104245,MU,买入,100.0,420.0,0.24,100.0,400.0024,200.0,410.0024,
U12672188,20260212,20260212;183631,BOXX,卖出,145.0,115.59,1.0,1240.9796,114.4553,1095.9796,114.4553,
U12672188,20260212,20260212;183631,BOXX,卖出,155.0,115.59,1.07,1095.9796,114.4553,940.9796,114.4553,
U12672188,20260213,20260213;102601,AVGO,卖出,20.0,328.49,0.36,100.1643,325.0537,80.1643,325.0537,
U12672188,20260213,20260213;102601,AVGO,卖出,0.1643,328.31,0.0,80.1643,325.0537,80.0,325.0537,
U12672188,20260213,20260213;102601,AVGO,卖出,80.0,328.52,0.03,80.0,325.0537,0.0,0.0,
U12672188,20260213,20260213;103952,SCHW,卖出,100.0,93.9,0.39,100.2634,93.5585,0.2634,93.5585,
U12672188,20260213,20260213;104041,IBKR,卖出,100.0,74.017,0.39,400.7845,65.7767,300.7845,65.7767,
U12672188,20260213,20260213;104041,IBKR,卖出,300.0,74.019,1.17,300.7845,65.7767,0.7845,65.7767,
U12672188,20260213,20260213;104210,SCHW,卖出,0.2634,93.94,0.25,0.2634,93.5585,0.0,0.0,
U12672188,20260213,20260213;122029,IBKR,卖出,0.7845,75.03,0.35,0.7845,65.7767,0.0,0.0,
U12672188,20260220,20260220;105914,META,卖出,80.0,660.875,0.38,230.1783,651.5318,150.1783,651.5318,
U12672188,20260220,20260220;105914,META,卖出,33.0,660.87,0.06,150.1783,651.5318,117.1783,651.5318,
U12672188,20260220,20260220;105914,META,卖出,37.0,660.83,0.14,117.1783,651.5318,80.1783,651.5318,
U12672188,20260220,20260220;105914,META,卖出,100.0,660.86,0.39,80.1783,651.5318,0.0,0.0,
U12672188,20260220,20260220;105914,META,卖出,0.1783,660.77,0.0,0.0,0.0,0.0,0.0,
U12672188,20260223,20260223;093202,QQQI,买入,18.6595,52.32,0.35,1766.6794,54.5752,1785.3389,54.5518,
U12672188,20260223,20260223;100853,GOOG,卖出,300.0,315.57,0.78,300.0,314.6025,0.0,0.0,
U12672188,20260223,20260223;110615,BOXX,买入,1800.0,115.76,6.66,940.9796,114.4553,2740.9796,115.3145,
U12672188,20260223,20260223;110615,BOXX,买入,177.0,115.758,0.66,2740.9796,115.3145,2917.9796,115.3416,
U12672188,20260223,20260223;110615,BOXX,买入,100.0,115.76,0.35,2917.9796,115.3416,3017.9796,115.3556,
U12672188,20260223,20260223;110615,BOXX,买入,1903.0,115.7599,7.05,3017.9796,115.3556,4920.9796,115.5134,
U12672188,20260223,20260223;110615,BOXX,买入,800.0,115.758,2.96,4920.9796,115.5134,5720.9796,115.5481,
U12672188,20260223,20260223;110615,BOXX,买入,20.0,115.76,0.07,5720.9796,115.5481,5740.9796,115.5489,
U12672188,20260224,20260224;093038,XPEV,卖出,5000.0,18.0,9.49,34780.0,23.6177,29780.0,23.6177,
U12672188,20260224,20260224;154655,BOXX,买入,800.0,115.77,5.36,5740.9796,115.5489,6540.9796,115.5767,
U12672188,20260224,20260224;154655,BOXX,买入,100.0,115.77,0.67,6540.9796,115.5767,6640.9796,115.5797,
U12672188,20260225,20260225;031158,BOXX,卖出,1500.0,115.78,8.85,6640.9796,115.5797,5140.9796,115.5797,
U12672188,20260225,20260225;032415,BOXX,卖出,18.0,115.78,0.39,5140.9796,115.5797,5122.9796,115.5797,
U12672188,20260225,20260225;032415,BOXX,卖出,254.0,115.78,1.21,5122.9796,115.5797,4868.9796,115.5797,
U12672188,20260225,20260225;032415,BOXX,卖出,200.0,115.78,1.18,4868.9796,115.5797,4668.9796,115.5797,
U12672188,20260225,20260225;032415,BOXX,卖出,22.0,115.78,0.13,4668.9796,115.5797,4646.9796,115.5797,
U12672188,20260225,20260225;032415,BOXX,卖出,61.0,115.78,0.36,4646.9796,115.5797,4585.9796,115.5797,
U12672188,20260225,20260225;032415,BOXX,卖出,8.0,115.78,0.05,4585.9796,115.5797,4577.9796,115.5797,
U12672188,20260225,20260225;032415,BOXX,卖出,2.0,115.78,0.01,4577.9796,115.5797,4575.9796,115.5797,
U12672188,20260225,20260225;032415,BOXX,卖出,54.0,115.78,0.32,4575.9796,115.5797,4521.9796,115.5797,
U12672188,20260225,20260225;032415,BOXX,卖出,5.0,115.78,0.03,4521.9796,115.5797,4516.9796,115.5797,
U12672188,20260225,20260225;032415,BOXX,卖出,78.0,115.78,0.46,4516.9796,115.5797,4438.9796,115.5797,
U12672188,20260225,20260225;032415,BOXX,卖出,7.0,115.78,0.04,4438.9796,115.5797,4431.9796,115.5797,
U12672188,20260225,20260225;032559,BOXX,卖出,118.0,115.78,0.39,4431.9796,115.5797,4313.9796,115.5797,
U12672188,20260225,20260225;032830,BOXX,卖出,77.0,115.78,0.25,4313.9796,115.5797,4236.9796,115.5797,
U12672188,20260225,20260225;033407,BOXX,卖出,86.0,115.78,0.28,4236.9796,115.5797,4150.9796,115.5797,
U12672188,20260225,20260225;033858,BOXX,卖出,499.0,115.78,1.65,4150.9796,115.5797,3651.9796,115.5797,
U12672188,20260225,20260225;033858,BOXX,卖出,1.0,115.78,0.0,3651.9796,115.5797,3650.9796,115.5797,
U12672188,20260225,20260225;034139,BOXX,卖出,52.0,115.78,0.17,3650.9796,115.5797,3598.9796,115.5797,
U12672188,20260225,20260225;093000,BOXX,卖出,1295.0,115.78,6.73,3598.9796,115.5797,2303.9796,115.5797,
U12672188,20260225,20260225;093000,BOXX,卖出,114.0,115.78,0.59,2303.9796,115.5797,2189.9796,115.5797,
U12672188,20260225,20260225;093000,BOXX,卖出,10.0,115.78,0.05,2189.9796,115.5797,2179.9796,115.5797,
U12672188,20260225,20260225;093000,BOXX,卖出,100.0,115.78,0.52,2179.9796,115.5797,2079.9796,115.5797,
U12672188,20260225,20260225;093000,BOXX,卖出,65.0,115.78,0.34,2079.9796,115.5797,2014.9796,115.5797,
U12672188,20260225,20260225;093000,BOXX,卖出,14.0,115.78,0.07,2014.9796,115.5797,2000.9796,115.5797,
U12672188,20260225,20260225;093000,BOXX,卖出,17.0,115.78,0.09,2000.9796,115.5797,1983.9796,115.5797,
U12672188,20260225,20260225;093000,BOXX,卖出,44.0,115.78,0.23,1983.9796,115.5797,1939.9796,115.5797,
U12672188,20260225,20260225;093000,BOXX,卖出,2100.0,115.78,10.91,1939.9796,115.5797,0.0,0.0,
U12672188,20260225,20260225;093000,BOXX,卖出,34.0,115.78,0.18,0.0,0.0,0.0,0.0,
U12672188,20260225,20260225;093000,BOXX,卖出,131.0,115.78,0.68,0.0,0.0,0.0,0.0,
U12672188,20260225,20260225;093000,BOXX,卖出,4.0,115.78,0.02,0.0,0.0,0.0,0.0,
U12672188,20260225,20260225;093000,BOXX,卖出,150.0,115.78,0.78,0.0,0.0,0.0,0.0,
U12672188,20260225,20260225;093000,BOXX,卖出,90.0,115.78,0.47,0.0,0.0,0.0,0.0,
U12672188,20260225,20260225;093008,BOXX,卖出,0.9796,115.78,0.0,0.0,0.0,0.0,0.0,
U12672188,20260302,20260301;211540,XPEV,买入,99.0,17.0,0.31,29780.0,23.6177,29879.0,23.5958,
U12672188,20260302,20260301;211602,XPEV,买入,4901.0,17.0,15.2,29879.0,23.5958,34780.0,22.6668,
U12672188,20260302,20260302;093221,SCHW,买入,0.3059,94.36,0.03,0.0,0.0,0.3059,94.4546,
U12672188,20260302,20260302;141836,MU,买入,80.0,411.81,0.37,200.0,410.0024,280.0,410.5202,
U12672188,20260302,20260302;141836,MU,买入,20.0,411.9,0.0,280.0,410.5202,300.0,410.6122,
U12672188,20260302,20260302;142050,BOXX,买入,100.0,115.85,0.67,0.0,0.0,100.0,115.8567,
U12672188,20260302,20260302;142050,BOXX,买入,502.0,115.85,3.36,100.0,115.8567,602.0,115.8567,
U12672188,20260302,20260302;142050,BOXX,买入,140.0,115.85,0.94,602.0,115.8567,742.0,115.8567,
U12672188,20260302,20260302;142050,BOXX,买入,40.0,115.85,0.27,742.0,115.8567,782.0,115.8567,
U12672188,20260302,20260302;142050,BOXX,买入,715.0,115.85,4.72,782.0,115.8567,1497.0,115.8567,
U12672188,20260302,20260302;142050,BOXX,买入,398.0,115.85,2.67,1497.0,115.8567,1895.0,115.8567,
U12672188,20260302,20260302;142050,BOXX,买入,134.0,115.85,0.9,1895.0,115.8567,2029.0,115.8567,
U12672188,20260302,20260302;142050,BOXX,买入,2.0,115.85,0.01,2029.0,115.8567,2031.0,115.8567,
U12672188,20260302,20260302;142050,BOXX,买入,1800.0,115.85,12.06,2031.0,115.8567,3831.0,115.8567,
U12672188,20260302,20260302;142050,BOXX,买入,836.0,115.85,5.6,3831.0,115.8567,4667.0,115.8567,
U12672188,20260302,20260302;142050,BOXX,买入,10.0,115.85,0.07,4667.0,115.8567,4677.0,115.8567,
U12672188,20260302,20260302;142050,BOXX,买入,74.0,115.85,0.5,4677.0,115.8567,4751.0,115.8567,
U12672188,20260302,20260302;142050,BOXX,买入,22.0,115.85,0.15,4751.0,115.8567,4773.0,115.8567,
U12672188,20260302,20260302;142050,BOXX,买入,13.0,115.85,0.09,4773.0,115.8567,4786.0,115.8567,
U12672188,20260302,20260302;190127,EWY,买入,90.0,146.0,0.22,0.0,0.0,90.0,146.0025,
U12672188,20260302,20260302;190133,EWY,买入,10.0,146.0,0.01,90.0,146.0025,100.0,146.0024,
U12672188,20260303,20260303;093652,EWY,买入,100.0,131.0,0.21,100.0,146.0024,200.0,138.5022,
U12672188,20260303,20260303;094010,BOXX,卖出,177.0,115.835,0.69,4786.0,115.8567,4609.0,115.8567,
U12672188,20260303,20260303;094010,BOXX,卖出,23.0,115.835,0.09,4609.0,115.8567,4586.0,115.8567,
U12672188,20260303,20260303;162000,XPEV,买入,2500.0,25.0,0.0,34780.0,22.6668,37280.0,22.2109,Put行权(XPEV  260320P00025000)
U12672188,20260304,20260304;102521,BOXX,卖出,100.0,115.865,0.39,4586.0,115.8567,4486.0,115.8567,
U12672188,20260304,20260304;102521,BOXX,卖出,300.0,115.865,1.17,4486.0,115.8567,4186.0,115.8567,
U12672188,20260304,20260304;102521,BOXX,卖出,200.0,115.86,0.78,4186.0,115.8567,3986.0,115.8567,
U12672188,20260304,20260304;162000,XPEV,买入,11700.0,25.0,0.0,37280.0,22.2109,48980.0,20.7679,Put行权(XPEV  260320P00025000)
U12672188,20260305,20260304;223753,BOXX,卖出,180.0,115.86,1.06,3986.0,115.8567,3806.0,115.8567,
U12672188,20260305,20260304;223753,BOXX,卖出,71.0,115.86,0.42,3806.0,115.8567,3735.0,115.8567,
U12672188,20260305,20260304;223753,BOXX,卖出,100.0,115.86,0.59,3735.0,115.8567,3635.0,115.8567,
U12672188,20260305,20260304;223753,BOXX,卖出,1577.0,115.86,9.3,3635.0,115.8567,2058.0,115.8567,
U12672188,20260305,20260304;223753,BOXX,卖出,495.0,115.86,2.92,2058.0,115.8567,1563.0,115.8567,
U12672188,20260305,20260304;223753,BOXX,卖出,77.0,115.86,0.45,1563.0,115.8567,1486.0,115.8567,
U12672188,20260305,20260305;093000,JEPI,买入,1.126,58.85,0.07,209.5784,56.099,210.7044,56.1141,
U12672188,20260306,20260306;093120,SGOV,买入,5.8945,100.445,0.35,2415.16,100.4397,2421.0545,100.4398,
U12672188,20260312,20260311;221033,XPEV,卖出,282.0,20.0,0.93,48980.0,20.7679,48698.0,20.7679,
U12672188,20260312,20260311;221034,XPEV,卖出,40.0,20.0,0.13,48698.0,20.7679,48658.0,20.7679,
U12672188,20260312,20260311;221034,XPEV,卖出,2663.0,20.0,8.78,48658.0,20.7679,45995.0,20.7679,
U12672188,20260312,20260311;221034,XPEV,卖出,2015.0,20.0,6.64,45995.0,20.7679,43980.0,20.7679,
U12672188,20260313,20260313;093415,MSFT,买入,0.1021,400.98,0.04,50.0,394.19,50.1021,394.2047,
U12672188,20260318,20260318;093200,SPYM,买入,0.6735,78.46,0.05,0.8001,80.8911,1.4736,79.8159,
U12672188,20260318,20260318;162000,LI,买入,2500.0,30.0,0.0,0.0,0.0,2500.0,16.9764,Put行权(LI    260618P00030000)
U12672188,20260318,20260318;162000,XPEV,买入,2200.0,25.0,0.0,43980.0,20.7679,46180.0,20.6721,Put行权(XPEV  260320P00025000)
U12672188,20260320,20260320;162000,XPEV,买入,7700.0,30.0,0.0,46180.0,20.6721,53880.0,20.2227,Put行权(XPEV  260417P00030000)
U12672188,20260320,20260320;162000,XPEV,买入,3600.0,25.0,0.0,53880.0,20.2227,57480.0,20.0553,Put行权(XPEV  260320P00025000)
U12672188,20260323,20260322;214529,BOXX,卖出,13.0,116.02,0.35,1486.0,115.8567,1473.0,115.8567,
U12672188,20260323,20260322;214852,BOXX,卖出,3.0,116.02,0.0,1473.0,115.8567,1470.0,115.8567,
U12672188,20260323,20260322;215133,BOXX,卖出,3.0,116.02,0.0,1470.0,115.8567,1467.0,115.8567,
U12672188,20260323,20260322;215134,BOXX,卖出,1.0,116.02,0.0,1467.0,115.8567,1466.0,115.8567,
U12672188,20260323,20260322;215222,BOXX,卖出,12.0,116.02,0.0,1466.0,115.8567,1454.0,115.8567,
U12672188,20260323,20260322;220225,BOXX,卖出,113.0,116.02,0.13,1454.0,115.8567,1341.0,115.8567,
U12672188,20260323,20260322;220341,BOXX,卖出,120.0,116.02,0.4,1341.0,115.8567,1221.0,115.8567,
U12672188,20260323,20260322;221401,BOXX,卖出,20.0,116.02,0.07,1221.0,115.8567,1201.0,115.8567,
U12672188,20260323,20260322;221550,BOXX,卖出,20.0,116.02,0.07,1201.0,115.8567,1181.0,115.8567,
U12672188,20260323,20260322;222436,BOXX,卖出,52.0,116.02,0.17,1181.0,115.8567,1129.0,115.8567,
U12672188,20260323,20260322;222512,BOXX,卖出,4.0,116.02,0.01,1129.0,115.8567,1125.0,115.8567,
U12672188,20260323,20260322;222710,BOXX,卖出,8.0,116.02,0.03,1125.0,115.8567,1117.0,115.8567,
U12672188,20260323,20260322;222926,BOXX,卖出,60.0,116.02,0.2,1117.0,115.8567,1057.0,115.8567,
U12672188,20260323,20260322;223231,BOXX,卖出,11.0,116.02,0.04,1057.0,115.8567,1046.0,115.8567,
U12672188,20260323,20260322;231044,BOXX,卖出,68.0,116.02,0.22,1046.0,115.8567,978.0,115.8567,
U12672188,20260323,20260322;231055,BOXX,卖出,10.0,116.02,0.03,978.0,115.8567,968.0,115.8567,
U12672188,20260323,20260322;232411,BOXX,卖出,410.0,116.02,1.35,968.0,115.8567,558.0,115.8567,
U12672188,20260323,20260322;233906,BOXX,卖出,341.0,116.02,1.12,558.0,115.8567,217.0,115.8567,
U12672188,20260323,20260322;234018,BOXX,卖出,300.0,116.02,0.99,217.0,115.8567,0.0,0.0,
U12672188,20260323,20260322;235741,BOXX,卖出,31.0,116.02,0.1,0.0,0.0,0.0,0.0,
U12672188,20260323,20260323;024816,SGOV,卖出,200.0,100.58,1.18,2421.0545,100.4398,2221.0545,100.4398,
U12672188,20260323,20260323;030737,SGOV,卖出,100.0,100.58,0.59,2221.0545,100.4398,2121.0545,100.4398,
U12672188,20260323,20260323;093001,SOXX,买入,0.0551,339.21,0.02,100.0,343.3324,100.0551,343.3303,
U12672188,20260323,20260323;093319,QQQI,买入,19.2708,50.77,0.35,1785.3389,54.5518,1804.6097,54.5116,
U12672188,20260325,20260325;162000,XPEV,买入,1900.0,30.0,0.0,57480.0,20.0553,59380.0,20.0159,Put行权(XPEV  260417P00030000)
U12672188,20260330,20260330;093245,QQQM,买入,0.379,233.66,0.09,300.3413,247.2061,300.7203,247.1893,
U12672188,20260330,20260330;093428,QQQ,买入,0.8756,566.63,0.35,752.3233,534.7789,753.1989,534.8164,
U12672188,20260401,20260401;093000,VOO,买入,0.0846,601.18,0.05,30.2066,525.6719,30.2912,525.8845,
U12672188,20260401,20260401;162000,LI,买入,3400.0,30.0,0.0,2500.0,16.9764,5900.0,17.7816,Put行权(LI    260618P00030000)
U12672188,20260407,20260407;093309,JEPI,买入,1.4121,56.475,0.08,210.7044,56.1141,212.1165,56.1168,
